{
  "Micon175_ConfigData": [
    {
      "DeviceType": "110 VAC/ 24 VAC/DC",
      "CatIDList": [
        {
          "DeviceId": 2,
          "DeviceName": "11ODT4",
          "MotFilePath": "\\\\nas\\Release to Production MOT'S HEX & Software\\Micon Timer Series_RL78 controller\\1M timer Firmware\\OnDelayTimer.hex",
          "FirmwareVersion": "V002",
          "Description": "On delay timer",
          "DeviceIdHexLocation": "0F37",
          "DeviceSupplyforCalList": "24,12,5,110,240",
          "DeviceSupplyforCal": "110",
          "SupplyType": "AC",
          "SupplyTypeList": "AC,DC",
          "IsFixedTiming": false,
          "FixedTiming": "0.0",
          "IsFixedRange": false,
          "MentionNumber": 0,
          "IsFixedMode": false,
          "MentionMode": 0,
          "HexEdition": true,
          "RunTime_TimingChange": false,
          "RunTime_RangeChange": false,
          "RunTime_ModeChange": false,
          "TimingChangeData": "Reset",
          "RangeChangeData": "Adjust",
          "ModeChangeData": "Reset",
          "HardwareCheck": false,
          "VCCRange": null,
          "VoltageCalibration": false,
          "VoltageRange": null,
          "RFPVersion": "2.05",
          "ControllerTypeList": "G10,G12,G13",
          "ControllerType": "G10",
          "RelayVoltageList": "12,,,,,,,,,,,,,,,,,,,,,,,,",
          "RelayVoltage": "12",
          "PWMEnable": true,
          "RangeConstOnOffMode": false,
          "RelayNumber": 1,
          "RangePotRangeValidation": true,
          "TimingPotRangeValidation": true,
          "ModePotRangeValidation": false,
          "RwsFilePath": "\\\\nas\\Release to Production MOT'S HEX & Software\\Micon Timer Series_RL78 controller\\Renesas Programming utility\\G10\\G10.rws",
          "RpjFilePath": "\\\\nas\\Release to Production MOT'S HEX & Software\\Micon Timer Series_RL78 controller\\Renesas Programming utility\\G10\\G10\\G10.rpj",
          "ImgPath": "\\\\nas\\Release to Production MOT'S HEX & Software\\Micon Timer Series_RL78 controller\\Images\\11ODT4\\background.png",
          "IsStairCaseProduct": false,
          "NodeVoltagesRange": [
            "4.7-5.2",
            "5.24-6.4",
            "",
            ""
          ],
          "Micon175_PotDetail": [
            {
              "PotNumber": 1,
              "PotName": "Timing1",
              "NoOfPosition": 10,
              "DiffBetTwoPosition": "7,15,15,15,15,15,15,15,7",
              "MiddleMarkCal": false,
              "HexLocation": "0DB6",
              "PotType": "Smooth",
              "Range": "0-40,41-65,66-90,91-110,111-135,136-155,156-180,181-205,206-235,236-255",
              "RangeConstants": "20,40,60,80,100,120,140,160,180,200",
              "PotLables": "0.1,0.2,0.3,0.4,0.5,0.6,0.7,0.8,0.9,1",
              "CalibApplicable": false
            },
            {
              "PotNumber": 2,
              "PotName": "Range1",
              "NoOfPosition": 6,
              "DiffBetTwoPosition": "30,30,30,30,30",
              "MiddleMarkCal": false,
              "HexLocation": "0DC0",
              "PotType": "Smooth",
              "Range": "0-30,41-80,91-120,131-160,171-210,231-255",
              "RangeConstants": "3,30,180,1800,10800,108000",
              "PotLables": "3 s,30 s,3 m,30 m,3 h,30 h",
              "CalibApplicable": true
            }
          ],
          "StairCaseDetail": null
        },
        {
          "DeviceId": 1,
          "DeviceName": "11BDT4",
          "MotFilePath": "\\\\nas\\Release to Production MOT'S HEX & Software\\Micon Timer Series_RL78 controller\\1M timer Firmware\\OneShotTimer.hex",
          "FirmwareVersion": "V002",
          "Description": "One shot Timer",
          "DeviceIdHexLocation": "0F37",
          "DeviceSupplyforCalList": "24,12,5,110,240",
          "DeviceSupplyforCal": "110",
          "SupplyType": "AC",
          "SupplyTypeList": "AC,DC",
          "IsFixedTiming": false,
          "FixedTiming": "0.0",
          "IsFixedRange": false,
          "MentionNumber": 0,
          "IsFixedMode": false,
          "MentionMode": 0,
          "HexEdition": true,
          "RunTime_TimingChange": false,
          "RunTime_RangeChange": false,
          "RunTime_ModeChange": false,
          "TimingChangeData": null,
          "RangeChangeData": "NA",
          "ModeChangeData": null,
          "HardwareCheck": false,
          "VCCRange": null,
          "VoltageCalibration": false,
          "VoltageRange": null,
          "RFPVersion": "2.05",
          "ControllerTypeList": "G10,G12,G13",
          "ControllerType": "G10",
          "RelayVoltageList": "12,,,,,,,,,,,,,",
          "RelayVoltage": "12",
          "PWMEnable": true,
          "RangeConstOnOffMode": false,
          "RelayNumber": 1,
          "RangePotRangeValidation": true,
          "TimingPotRangeValidation": true,
          "ModePotRangeValidation": false,
          "RwsFilePath": "\\\\nas\\Release to Production MOT'S HEX & Software\\Micon Timer Series_RL78 controller\\Renesas Programming utility\\G10\\G10.rws",
          "RpjFilePath": "\\\\nas\\Release to Production MOT'S HEX & Software\\Micon Timer Series_RL78 controller\\Renesas Programming utility\\G10\\G10\\G10.rpj",
          "ImgPath": "\\\\nas\\Release to Production MOT'S HEX & Software\\Micon Timer Series_RL78 controller\\Images\\11ODT4\\background.png",
          "IsStairCaseProduct": false,
          "NodeVoltagesRange": [
            "4.7-5.2",
            "5.24-6.4",
            "",
            ""
          ],
          "Micon175_PotDetail": [
            {
              "PotNumber": 1,
              "PotName": "Timing1",
              "NoOfPosition": 10,
              "DiffBetTwoPosition": "7,15,15,15,15,15,15,15,7",
              "MiddleMarkCal": false,
              "HexLocation": null,
              "PotType": "Smooth",
              "Range": "0- 40,41-65,66-90,91-110,111-135,136-155,156-180,181-205,206-235,236-255",
              "RangeConstants": "20,40,60,80,100,120,140,160,180,200",
              "PotLables": "0.1,0.2,0.3,0.4,0.5,0.6,0.7,0.8,0.9,1",
              "CalibApplicable": false
            },
            {
              "PotNumber": 2,
              "PotName": "Range1",
              "NoOfPosition": 6,
              "DiffBetTwoPosition": "30,30,30,30,30",
              "MiddleMarkCal": false,
              "HexLocation": null,
              "PotType": "Smooth",
              "Range": "0-30,41-80,91-120,131-160,171-210,231- 255",
              "RangeConstants": "3,30,180,1800,10800,108000",
              "PotLables": "3 s,30 s,3 m,30 m,3 h,30 h",
              "CalibApplicable": true
            }
          ],
          "StairCaseDetail": null
        },
        {
          "DeviceId": 10,
          "DeviceName": "11WDTC",
          "MotFilePath": "\\\\nas\\Release to Production MOT'S HEX & Software\\Micon Timer Series_RL78 controller\\1M timer Firmware\\OnDelayIntervalTimer.hex",
          "FirmwareVersion": "V002",
          "Description": "ON delay Interval Timer",
          "DeviceIdHexLocation": "0F37",
          "DeviceSupplyforCalList": "24,12,5,110,240",
          "DeviceSupplyforCal": "110",
          "SupplyType": "AC",
          "SupplyTypeList": "AC,DC",
          "IsFixedTiming": false,
          "FixedTiming": "0.0",
          "IsFixedRange": false,
          "MentionNumber": 0,
          "IsFixedMode": false,
          "MentionMode": 0,
          "HexEdition": true,
          "RunTime_TimingChange": false,
          "RunTime_RangeChange": false,
          "RunTime_ModeChange": false,
          "TimingChangeData": null,
          "RangeChangeData": "NA",
          "ModeChangeData": null,
          "HardwareCheck": false,
          "VCCRange": null,
          "VoltageCalibration": false,
          "VoltageRange": null,
          "RFPVersion": "2.05",
          "ControllerTypeList": "G10,G12,G13",
          "ControllerType": "G10",
          "RelayVoltageList": "12,,,,,,,,,,,,,,,",
          "RelayVoltage": "12",
          "PWMEnable": true,
          "RangeConstOnOffMode": false,
          "RelayNumber": 1,
          "RangePotRangeValidation": true,
          "TimingPotRangeValidation": true,
          "ModePotRangeValidation": false,
          "RwsFilePath": "\\\\nas\\Release to Production MOT'S HEX & Software\\Micon Timer Series_RL78 controller\\Renesas Programming utility\\G10\\G10.rws",
          "RpjFilePath": "\\\\nas\\Release to Production MOT'S HEX & Software\\Micon Timer Series_RL78 controller\\Renesas Programming utility\\G10\\G10\\G10.rpj",
          "ImgPath": "\\\\nas\\Release to Production MOT'S HEX & Software\\Micon Timer Series_RL78 controller\\Images\\11ODT4\\background.png",
          "IsStairCaseProduct": false,
          "NodeVoltagesRange": [
            "4.7-5.2",
            "5.24-6.4",
            "",
            ""
          ],
          "Micon175_PotDetail": [
            {
              "PotNumber": 1,
              "PotName": "Timing1",
              "NoOfPosition": 10,
              "DiffBetTwoPosition": "7,15,15,15,15,15,15,15,7",
              "MiddleMarkCal": false,
              "HexLocation": null,
              "PotType": "Smooth",
              "Range": "0-40,41-65,66-90,91-110,111-135,136-155,156-180,181-205,206-235,236-255",
              "RangeConstants": "20,40,60,80,100,120,140,160,180,200",
              "PotLables": "0.1,0.2,0.3,0.4,0.5,0.6,0.7,0.8,0.9,1",
              "CalibApplicable": false
            },
            {
              "PotNumber": 2,
              "PotName": "Range1",
              "NoOfPosition": 7,
              "DiffBetTwoPosition": "15,15,15,15,15,15",
              "MiddleMarkCal": false,
              "HexLocation": null,
              "PotType": "Detent",
              "Range": "0-12,32-54,74-97,117-139,159-182,202-224,244-255",
              "RangeConstants": "1,10,60,600,3600,36000,360000",
              "PotLables": "1 s,10 s,1 m,10 m,1 h,10 h,100 h",
              "CalibApplicable": true
            }
          ],
          "StairCaseDetail": null
        },
        {
          "DeviceId": 30,
          "DeviceName": "11RDT4",
          "MotFilePath": "\\\\nas\\Release to Production MOT'S HEX & Software\\Micon Timer Series_RL78 controller\\1M timer Firmware\\SignalOffDelayTimer.hex",
          "FirmwareVersion": "V002",
          "Description": "Signal OFF delay Timer",
          "DeviceIdHexLocation": "0F37",
          "DeviceSupplyforCalList": "24,12,5,110,240",
          "DeviceSupplyforCal": "110",
          "SupplyType": "AC",
          "SupplyTypeList": "AC,DC",
          "IsFixedTiming": false,
          "FixedTiming": "0.0",
          "IsFixedRange": false,
          "MentionNumber": 0,
          "IsFixedMode": false,
          "MentionMode": 0,
          "HexEdition": true,
          "RunTime_TimingChange": false,
          "RunTime_RangeChange": false,
          "RunTime_ModeChange": false,
          "TimingChangeData": null,
          "RangeChangeData": "Adjust",
          "ModeChangeData": null,
          "HardwareCheck": false,
          "VCCRange": null,
          "VoltageCalibration": false,
          "VoltageRange": null,
          "RFPVersion": "2.05",
          "ControllerTypeList": "G10,G12,G13",
          "ControllerType": "G10",
          "RelayVoltageList": "12,,,,,,,,,,,",
          "RelayVoltage": "12",
          "PWMEnable": true,
          "RangeConstOnOffMode": false,
          "RelayNumber": 1,
          "RangePotRangeValidation": true,
          "TimingPotRangeValidation": true,
          "ModePotRangeValidation": false,
          "RwsFilePath": "\\\\nas\\Release to Production MOT'S HEX & Software\\Micon Timer Series_RL78 controller\\Renesas Programming utility\\G10\\G10.rws",
          "RpjFilePath": "\\\\nas\\Release to Production MOT'S HEX & Software\\Micon Timer Series_RL78 controller\\Renesas Programming utility\\G10\\G10\\G10.rpj",
          "ImgPath": "\\\\nas\\Release to Production MOT'S HEX & Software\\Micon Timer Series_RL78 controller\\Images\\11ODT4\\background.png",
          "IsStairCaseProduct": false,
          "NodeVoltagesRange": [
            "4.7-5.2",
            "5.24-6.4",
            "",
            ""
          ],
          "Micon175_PotDetail": [
            {
              "PotNumber": 1,
              "PotName": "Timing1",
              "NoOfPosition": 10,
              "DiffBetTwoPosition": "7,15,15,15,15,15,15,15,7",
              "MiddleMarkCal": false,
              "HexLocation": null,
              "PotType": "Smooth",
              "Range": "0- 40,41-65,66-90,91-110,111-135,136-155,156-180,181-205,206-235,236-255",
              "RangeConstants": "20,40,60,80,100,120,140,160,180,200",
              "PotLables": "0.1,0.2,0.3,0.4,0.5,0.6,0.7,0.8,0.9,1",
              "CalibApplicable": false
            },
            {
              "PotNumber": 2,
              "PotName": "Range1",
              "NoOfPosition": 6,
              "DiffBetTwoPosition": "30,30,30,30,30",
              "MiddleMarkCal": false,
              "HexLocation": null,
              "PotType": "Smooth",
              "Range": "0-30,41-80,91-120,131-160,171-210,231- 255",
              "RangeConstants": "3,30,180,1800,10800,108000",
              "PotLables": "3 s,30 s,3 m,30 m,3 h,30 h",
              "CalibApplicable": true
            }
          ],
          "StairCaseDetail": null
        }
      ]
    },
    {
      "DeviceType": "240VAC/24VAC/DC",
      "CatIDList": [
        {
          "DeviceId": 2,
          "DeviceName": "12ODT4",
          "MotFilePath": "\\\\nas\\Release to Production MOT'S HEX & Software\\Micon Timer Series_RL78 controller\\1M timer Firmware\\OnDelayTimer.hex",
          "FirmwareVersion": "V002",
          "Description": "ON delay timer",
          "DeviceIdHexLocation": "0F37",
          "DeviceSupplyforCalList": "24,12,5,110,240",
          "DeviceSupplyforCal": "240",
          "SupplyType": "AC",
          "SupplyTypeList": "AC,DC",
          "IsFixedTiming": false,
          "FixedTiming": "0.0",
          "IsFixedRange": false,
          "MentionNumber": 0,
          "IsFixedMode": false,
          "MentionMode": 0,
          "HexEdition": true,
          "RunTime_TimingChange": false,
          "RunTime_RangeChange": false,
          "RunTime_ModeChange": false,
          "TimingChangeData": null,
          "RangeChangeData": "NA",
          "ModeChangeData": null,
          "HardwareCheck": false,
          "VCCRange": null,
          "VoltageCalibration": false,
          "VoltageRange": null,
          "RFPVersion": "2.05",
          "ControllerTypeList": "G10,G12,G13",
          "ControllerType": "G10",
          "RelayVoltageList": "12V,12,,,,,,,,,,,,,,,,,,,,,,,,,,,,,",
          "RelayVoltage": "12",
          "PWMEnable": true,
          "RangeConstOnOffMode": false,
          "RelayNumber": 1,
          "RangePotRangeValidation": true,
          "TimingPotRangeValidation": true,
          "ModePotRangeValidation": false,
          "RwsFilePath": "\\\\nas\\Release to Production MOT'S HEX & Software\\Micon Timer Series_RL78 controller\\Renesas Programming utility\\G10\\G10.rws",
          "RpjFilePath": "\\\\nas\\Release to Production MOT'S HEX & Software\\Micon Timer Series_RL78 controller\\Renesas Programming utility\\G10\\G10\\G10.rpj",
          "ImgPath": "\\\\nas\\Timer Json Source Files\\Images\\11ODT4\\background.png",
          "IsStairCaseProduct": false,
          "NodeVoltagesRange": [
            "4.7-5.2",
            "5.24-6.4",
            "",
            ""
          ],
          "Micon175_PotDetail": [
            {
              "PotNumber": 1,
              "PotName": "Timing1",
              "NoOfPosition": 10,
              "DiffBetTwoPosition": "7,15,15,15,15,15,15,15,7",
              "MiddleMarkCal": false,
              "HexLocation": null,
              "PotType": "Smooth",
              "Range": "0- 40,41-65,66-90,91-110,111-135,136-155,156-180,181-205,206-235,236-255",
              "RangeConstants": "20,40,60,80,100,120,140,160,180,200",
              "PotLables": "0.1,0.2,0.3,0.4,0.5,0.6,0.7,0.8,0.9,1",
              "CalibApplicable": false
            },
            {
              "PotNumber": 2,
              "PotName": "Range1",
              "NoOfPosition": 6,
              "DiffBetTwoPosition": "30,30,30,30,30",
              "MiddleMarkCal": false,
              "HexLocation": null,
              "PotType": "Smooth",
              "Range": "0-30,41-80,91-120,131-160,171-210,231- 255",
              "RangeConstants": "3,30,180,1800,10800,108000",
              "PotLables": "3 s,30 s,3 m,30 m,3 h,30 h",
              "CalibApplicable": true
            }
          ],
          "StairCaseDetail": null
        },
        {
          "DeviceId": 1,
          "DeviceName": "12BDT4",
          "MotFilePath": "\\\\nas\\Release to Production MOT'S HEX & Software\\Micon Timer Series_RL78 controller\\1M timer Firmware\\OneShotTimer.hex",
          "FirmwareVersion": "V002",
          "Description": "One shot Timer",
          "DeviceIdHexLocation": "0F37",
          "DeviceSupplyforCalList": "24,12,5,110,240",
          "DeviceSupplyforCal": "240",
          "SupplyType": "AC",
          "SupplyTypeList": "AC,DC",
          "IsFixedTiming": false,
          "FixedTiming": "0.0",
          "IsFixedRange": false,
          "MentionNumber": 0,
          "IsFixedMode": false,
          "MentionMode": 0,
          "HexEdition": true,
          "RunTime_TimingChange": false,
          "RunTime_RangeChange": false,
          "RunTime_ModeChange": false,
          "TimingChangeData": null,
          "RangeChangeData": "NA",
          "ModeChangeData": null,
          "HardwareCheck": false,
          "VCCRange": null,
          "VoltageCalibration": false,
          "VoltageRange": null,
          "RFPVersion": "2.05",
          "ControllerTypeList": "G10,G12,G13",
          "ControllerType": "G10",
          "RelayVoltageList": "12,,,,,,,,,,,,",
          "RelayVoltage": "12",
          "PWMEnable": true,
          "RangeConstOnOffMode": false,
          "RelayNumber": 1,
          "RangePotRangeValidation": true,
          "TimingPotRangeValidation": true,
          "ModePotRangeValidation": false,
          "RwsFilePath": "\\\\nas\\Release to Production MOT'S HEX & Software\\Micon Timer Series_RL78 controller\\Renesas Programming utility\\G10\\G10.rws",
          "RpjFilePath": "\\\\nas\\Release to Production MOT'S HEX & Software\\Micon Timer Series_RL78 controller\\Renesas Programming utility\\G10\\G10\\G10.rpj",
          "ImgPath": "\\\\nas\\Release to Production MOT'S HEX & Software\\Micon Timer Series_RL78 controller\\Images\\11ODT4\\background.png",
          "IsStairCaseProduct": false,
          "NodeVoltagesRange": [
            "4.7-5.2",
            "5.24-6.4",
            "",
            ""
          ],
          "Micon175_PotDetail": [
            {
              "PotNumber": 1,
              "PotName": "Timing1",
              "NoOfPosition": 10,
              "DiffBetTwoPosition": "7,15,15,15,15,15,15,15,7",
              "MiddleMarkCal": false,
              "HexLocation": null,
              "PotType": "Smooth",
              "Range": "0- 40,41-65,66-90,91-110,111-135,136-155,156-180,181-205,206-235,236-255",
              "RangeConstants": "20,40,60,80,100,120,140,160,180,200",
              "PotLables": "0.1,0.2,0.3,0.4,0.5,0.6,0.7,0.8,0.9,1",
              "CalibApplicable": false
            },
            {
              "PotNumber": 2,
              "PotName": "Range1",
              "NoOfPosition": 6,
              "DiffBetTwoPosition": "30,30,30,30,30",
              "MiddleMarkCal": false,
              "HexLocation": null,
              "PotType": "Smooth",
              "Range": "0-30,41-80,91-120,131-160,171-210,231-255",
              "RangeConstants": "3,30,180,1800,10800,108000",
              "PotLables": "3 s,30 s,3 m,30 m,3 h,30 h",
              "CalibApplicable": true
            }
          ],
          "StairCaseDetail": null
        },
        {
          "DeviceId": 10,
          "DeviceName": "12WDTC",
          "MotFilePath": "\\\\nas\\Release to Production MOT'S HEX & Software\\Micon Timer Series_RL78 controller\\1M timer Firmware\\OnDelayIntervalTimer.hex",
          "FirmwareVersion": "V002",
          "Description": "ON delay Interval Timer",
          "DeviceIdHexLocation": "0F37",
          "DeviceSupplyforCalList": "24,12,5,110,240",
          "DeviceSupplyforCal": "240",
          "SupplyType": "AC",
          "SupplyTypeList": "AC,DC",
          "IsFixedTiming": false,
          "FixedTiming": "0.0",
          "IsFixedRange": false,
          "MentionNumber": 0,
          "IsFixedMode": false,
          "MentionMode": 0,
          "HexEdition": true,
          "RunTime_TimingChange": false,
          "RunTime_RangeChange": false,
          "RunTime_ModeChange": false,
          "TimingChangeData": null,
          "RangeChangeData": "NA",
          "ModeChangeData": null,
          "HardwareCheck": false,
          "VCCRange": null,
          "VoltageCalibration": false,
          "VoltageRange": null,
          "RFPVersion": "2.05",
          "ControllerTypeList": "G10,G12,G13",
          "ControllerType": "G10",
          "RelayVoltageList": "12,,,,,,,,,,,,,,,,,,,,,,,,,,,,,,",
          "RelayVoltage": "12",
          "PWMEnable": true,
          "RangeConstOnOffMode": false,
          "RelayNumber": 1,
          "RangePotRangeValidation": true,
          "TimingPotRangeValidation": true,
          "ModePotRangeValidation": false,
          "RwsFilePath": "\\\\nas\\Release to Production MOT'S HEX & Software\\Micon Timer Series_RL78 controller\\Renesas Programming utility\\G10\\G10.rws",
          "RpjFilePath": "\\\\nas\\Release to Production MOT'S HEX & Software\\Micon Timer Series_RL78 controller\\Renesas Programming utility\\G10\\G10\\G10.rpj",
          "ImgPath": "\\\\nas\\Release to Production MOT'S HEX & Software\\Micon Timer Series_RL78 controller\\Images\\11ODT4\\background.png",
          "IsStairCaseProduct": false,
          "NodeVoltagesRange": [
            "4.7-5.2",
            "5.24-6.4",
            "",
            ""
          ],
          "Micon175_PotDetail": [
            {
              "PotNumber": 1,
              "PotName": "Timing1",
              "NoOfPosition": 10,
              "DiffBetTwoPosition": "7,15,15,15,15,15,15,15,7",
              "MiddleMarkCal": false,
              "HexLocation": null,
              "PotType": "Smooth",
              "Range": "0- 40,41-65,66-90,91-110,111-135,136-155,156-180,181-205,206-235,236-255",
              "RangeConstants": "20,40,60,80,100,120,140,160,180,200",
              "PotLables": "0.1,0.2,0.3,0.4,0.5,0.6,0.7,0.8,0.9,1",
              "CalibApplicable": false
            },
            {
              "PotNumber": 2,
              "PotName": "Range1",
              "NoOfPosition": 7,
              "DiffBetTwoPosition": "15,15,15,15,15,15",
              "MiddleMarkCal": false,
              "HexLocation": null,
              "PotType": "Detent",
              "Range": "0-12,32-54,74-97,117-139,159-182,202-224,244-255",
              "RangeConstants": "1,10,60,600,3600,36000,360000",
              "PotLables": "1 s,10 s,1 m,10 m,1 h,10 h,100 h",
              "CalibApplicable": true
            }
          ],
          "StairCaseDetail": null
        },
        {
          "DeviceId": 11,
          "DeviceName": "12WDTCR",
          "MotFilePath": "\\\\nas\\Release to Production MOT'S HEX & Software\\Micon Timer Series_RL78 controller\\1M timer Firmware\\OnDelayIntervalRuntimeTimeAndRangeChange.hex",
          "FirmwareVersion": "V002",
          "Description": "ON delay Interval Timer",
          "DeviceIdHexLocation": "0F37",
          "DeviceSupplyforCalList": "24,12,5,110,240",
          "DeviceSupplyforCal": "240",
          "SupplyType": "AC",
          "SupplyTypeList": "AC,DC",
          "IsFixedTiming": false,
          "FixedTiming": "0.0",
          "IsFixedRange": false,
          "MentionNumber": 0,
          "IsFixedMode": false,
          "MentionMode": 0,
          "HexEdition": true,
          "RunTime_TimingChange": false,
          "RunTime_RangeChange": false,
          "RunTime_ModeChange": false,
          "TimingChangeData": null,
          "RangeChangeData": "Adjust",
          "ModeChangeData": null,
          "HardwareCheck": false,
          "VCCRange": null,
          "VoltageCalibration": false,
          "VoltageRange": null,
          "RFPVersion": "2.05",
          "ControllerTypeList": "G10,G12,G13",
          "ControllerType": "G10",
          "RelayVoltageList": "12,,,,,,,,,,,,,,,,,",
          "RelayVoltage": "12",
          "PWMEnable": true,
          "RangeConstOnOffMode": false,
          "RelayNumber": 1,
          "RangePotRangeValidation": true,
          "TimingPotRangeValidation": true,
          "ModePotRangeValidation": false,
          "RwsFilePath": "\\\\nas\\Release to Production MOT'S HEX & Software\\Micon Timer Series_RL78 controller\\Renesas Programming utility\\G10\\G10.rws",
          "RpjFilePath": "\\\\nas\\Release to Production MOT'S HEX & Software\\Micon Timer Series_RL78 controller\\Renesas Programming utility\\G10\\G10\\G10.rpj",
          "ImgPath": "\\\\nas\\Release to Production MOT'S HEX & Software\\Micon Timer Series_RL78 controller\\Images\\11ODT4\\background.png",
          "IsStairCaseProduct": false,
          "NodeVoltagesRange": [
            "4.7-5.2",
            "5.24-6.4",
            "",
            ""
          ],
          "Micon175_PotDetail": [
            {
              "PotNumber": 1,
              "PotName": "Timing1",
              "NoOfPosition": 10,
              "DiffBetTwoPosition": "7,15,15,15,15,15,15,15,7",
              "MiddleMarkCal": false,
              "HexLocation": null,
              "PotType": "Smooth",
              "Range": "0-40,41-65,66-90,91-110,111-135,136-155,156-180,181-205,206-235 ,236-255",
              "RangeConstants": "20,40,60,80,100,120,140,160,180,200",
              "PotLables": "0.1,0.2,0.3,0.4,0.5,0.6,0.7,0.8,0.9,1",
              "CalibApplicable": false
            },
            {
              "PotNumber": 2,
              "PotName": "Range1",
              "NoOfPosition": 7,
              "DiffBetTwoPosition": "15,15,15,15,15,15",
              "MiddleMarkCal": false,
              "HexLocation": null,
              "PotType": "Detent",
              "Range": "0-12,32-54,74-97,117-139,159-182,202-224,244-255",
              "RangeConstants": "1,10,60,600,3600,36000,360000",
              "PotLables": "1 s,10 s,1 m,10 m,1 h,10 h,100 h",
              "CalibApplicable": true
            }
          ],
          "StairCaseDetail": null
        },
        {
          "DeviceId": 30,
          "DeviceName": "12RDT4",
          "MotFilePath": "\\\\nas\\Release to Production MOT'S HEX & Software\\Micon Timer Series_RL78 controller\\1M timer Firmware\\SignalOffDelayTimer.hex",
          "FirmwareVersion": "V002",
          "Description": "Signal OFF delay Timer",
          "DeviceIdHexLocation": "0F37",
          "DeviceSupplyforCalList": "24,12,5,110,240",
          "DeviceSupplyforCal": "240",
          "SupplyType": "AC",
          "SupplyTypeList": "AC,DC",
          "IsFixedTiming": false,
          "FixedTiming": "0.0",
          "IsFixedRange": false,
          "MentionNumber": 0,
          "IsFixedMode": false,
          "MentionMode": 0,
          "HexEdition": true,
          "RunTime_TimingChange": false,
          "RunTime_RangeChange": false,
          "RunTime_ModeChange": false,
          "TimingChangeData": null,
          "RangeChangeData": "NA",
          "ModeChangeData": null,
          "HardwareCheck": false,
          "VCCRange": null,
          "VoltageCalibration": false,
          "VoltageRange": null,
          "RFPVersion": "2.05",
          "ControllerTypeList": "G10,G12,G13",
          "ControllerType": "G10",
          "RelayVoltageList": "12,,,,,,,,,,,,,,,,,,,,,,,,,,,,,,",
          "RelayVoltage": "12",
          "PWMEnable": true,
          "RangeConstOnOffMode": false,
          "RelayNumber": 1,
          "RangePotRangeValidation": true,
          "TimingPotRangeValidation": true,
          "ModePotRangeValidation": false,
          "RwsFilePath": "\\\\nas\\Release to Production MOT'S HEX & Software\\Micon Timer Series_RL78 controller\\Renesas Programming utility\\G10\\G10.rws",
          "RpjFilePath": "\\\\nas\\Release to Production MOT'S HEX & Software\\Micon Timer Series_RL78 controller\\Renesas Programming utility\\G10\\G10\\G10.rpj",
          "ImgPath": "\\\\nas\\Release to Production MOT'S HEX & Software\\Micon Timer Series_RL78 controller\\Images\\11ODT4\\background.png",
          "IsStairCaseProduct": false,
          "NodeVoltagesRange": [
            "4.7-5.2",
            "5.24-6.4",
            "",
            ""
          ],
          "Micon175_PotDetail": [
            {
              "PotNumber": 1,
              "PotName": "Timing1",
              "NoOfPosition": 10,
              "DiffBetTwoPosition": "7,10,10,10,10,10,10,10,7",
              "MiddleMarkCal": false,
              "HexLocation": null,
              "PotType": "Smooth",
              "Range": "0-40,41-65,66-90,91-110,111-135,136-155,156-180,181-205,206-235,236-255",
              "RangeConstants": "20,40,60,80,100,120,140,160,180,200",
              "PotLables": "0.1,0.2,0.3,0.4,0.5,0.6,0.7,0.8,0.9,1",
              "CalibApplicable": false
            },
            {
              "PotNumber": 2,
              "PotName": "Range1",
              "NoOfPosition": 6,
              "DiffBetTwoPosition": "30,30,30,30,30",
              "MiddleMarkCal": false,
              "HexLocation": null,
              "PotType": "Smooth",
              "Range": "0-30,41-80,91-120,131-160,171-210,231-255",
              "RangeConstants": "3,30,180,1800,10800,108000",
              "PotLables": "3 s,30 s,3 m,30 m,3 h,30 h",
              "CalibApplicable": true
            }
          ],
          "StairCaseDetail": null
        },
        {
          "DeviceId": 2,
          "DeviceName": "12ODTA",
          "MotFilePath": "\\\\nas\\Release to Production MOT'S HEX & Software\\Micon Timer Series_RL78 controller\\1M timer Firmware\\OnDelayTimer.hex",
          "FirmwareVersion": "V01",
          "Description": "ON Delay Timer",
          "DeviceIdHexLocation": "0F37",
          "DeviceSupplyforCalList": "24,12,5,110,240",
          "DeviceSupplyforCal": "240",
          "SupplyType": "AC",
          "SupplyTypeList": "AC,DC",
          "IsFixedTiming": false,
          "FixedTiming": "0.0",
          "IsFixedRange": true,
          "MentionNumber": 10,
          "IsFixedMode": false,
          "MentionMode": 0,
          "HexEdition": true,
          "RunTime_TimingChange": false,
          "RunTime_RangeChange": false,
          "RunTime_ModeChange": false,
          "TimingChangeData": null,
          "RangeChangeData": "NA",
          "ModeChangeData": null,
          "HardwareCheck": false,
          "VCCRange": null,
          "VoltageCalibration": false,
          "VoltageRange": null,
          "RFPVersion": "",
          "ControllerTypeList": "G10,G12,G13",
          "ControllerType": "G10",
          "RelayVoltageList": "12,,,,,,,,",
          "RelayVoltage": "12",
          "PWMEnable": true,
          "RangeConstOnOffMode": false,
          "RelayNumber": 1,
          "RangePotRangeValidation": false,
          "TimingPotRangeValidation": true,
          "ModePotRangeValidation": false,
          "RwsFilePath": "\\\\nas\\Release to Production MOT'S HEX & Software\\Micon Timer Series_RL78 controller\\Renesas Programming utility\\G10\\G10.rws",
          "RpjFilePath": "\\\\nas\\Release to Production MOT'S HEX & Software\\Micon Timer Series_RL78 controller\\Renesas Programming utility\\G10\\G10\\G10.rpj",
          "ImgPath": "\\\\nas\\Release to Production MOT'S HEX & Software\\Micon Timer Series_RL78 controller\\Images\\11ODT4\\background.png",
          "IsStairCaseProduct": false,
          "NodeVoltagesRange": [
            "4.7-5.2",
            "5.24-6.4",
            "",
            ""
          ],
          "Micon175_PotDetail": [
            {
              "PotNumber": 1,
              "PotName": "Timing1",
              "NoOfPosition": 10,
              "DiffBetTwoPosition": "7,15,15,15,15,15,15,15,7",
              "MiddleMarkCal": false,
              "HexLocation": null,
              "PotType": "Smooth",
              "Range": "0-40,41-65,66-90,91-110,111-135,136-155,156-180,181-205,206-235,236-255",
              "RangeConstants": "20,40,60,80,100,120,140,160,180,200",
              "PotLables": "0.1,0.2,0.3,0.4,0.5,0.6,0.7,0.8,0.9,1",
              "CalibApplicable": false
            }
          ],
          "StairCaseDetail": null
        }
      ]
    },
    {
      "DeviceType": "110VAC",
      "CatIDList": [
        {
          "DeviceId": 20,
          "DeviceName": "11SDT0",
          "MotFilePath": "\\\\nas\\Release to Production MOT'S HEX & Software\\Micon Timer Series_RL78 controller\\1M timer Firmware\\StarDeltaTimer.hex",
          "FirmwareVersion": "V002",
          "Description": "Star Delta Timer",
          "DeviceIdHexLocation": "0F37",
          "DeviceSupplyforCalList": "24,12,5,110,240",
          "DeviceSupplyforCal": "110",
          "SupplyType": "AC",
          "SupplyTypeList": "AC,DC",
          "IsFixedTiming": false,
          "FixedTiming": "0.0",
          "IsFixedRange": false,
          "MentionNumber": 0,
          "IsFixedMode": false,
          "MentionMode": 0,
          "HexEdition": true,
          "RunTime_TimingChange": false,
          "RunTime_RangeChange": false,
          "RunTime_ModeChange": false,
          "TimingChangeData": "Reset",
          "RangeChangeData": "Adjust",
          "ModeChangeData": "Reset",
          "HardwareCheck": false,
          "VCCRange": null,
          "VoltageCalibration": false,
          "VoltageRange": null,
          "RFPVersion": "2.05",
          "ControllerTypeList": "G10,G12,G13",
          "ControllerType": "G10",
          "RelayVoltageList": "12,,,,,,,,,,,,,",
          "RelayVoltage": "12",
          "PWMEnable": true,
          "RangeConstOnOffMode": false,
          "RelayNumber": 2,
          "RangePotRangeValidation": false,
          "TimingPotRangeValidation": true,
          "ModePotRangeValidation": false,
          "RwsFilePath": "\\\\nas\\Release to Production MOT'S HEX & Software\\Micon Timer Series_RL78 controller\\Renesas Programming utility\\G10\\G10.rws",
          "RpjFilePath": "\\\\nas\\Release to Production MOT'S HEX & Software\\Micon Timer Series_RL78 controller\\Renesas Programming utility\\G10\\G10\\G10.rpj",
          "ImgPath": "\\\\nas\\Release to Production MOT'S HEX & Software\\Micon Timer Series_RL78 controller\\Images\\11ODT4\\background.png",
          "IsStairCaseProduct": false,
          "NodeVoltagesRange": [
            "4.7-5.2",
            "5.24-6.4",
            "",
            ""
          ],
          "Micon175_PotDetail": [
            {
              "PotNumber": 1,
              "PotName": "Timing1",
              "NoOfPosition": 10,
              "DiffBetTwoPosition": "7,15,15,15,15,15,15,15,7",
              "MiddleMarkCal": false,
              "HexLocation": null,
              "PotType": "Smooth",
              "Range": "0-40,41-65,66-90,91-110,111-135,136-155,156-180,181-205,206-235,236-255",
              "RangeConstants": "20,40,60,80,100,120,140,160,180,200",
              "PotLables": "0.1,0.2,0.3,0.4,0.5,0.6,0.7,0.8,0.9,1",
              "CalibApplicable": false
            },
            {
              "PotNumber": 2,
              "PotName": "Range1",
              "NoOfPosition": 4,
              "DiffBetTwoPosition": "15,15,15",
              "MiddleMarkCal": false,
              "HexLocation": null,
              "PotType": "Smooth",
              "Range": "0-0,0-0,0-0,0-0",
              "RangeConstants": "30,60,90,120",
              "PotLables": "30,60,90,120",
              "CalibApplicable": false
            }
          ],
          "StairCaseDetail": null
        }
      ]
    },
    {
      "DeviceType": "240VAC",
      "CatIDList": [
        {
          "DeviceId": 20,
          "DeviceName": "12SDT0",
          "MotFilePath": "\\\\nas\\Release to Production MOT'S HEX & Software\\Micon Timer Series_RL78 controller\\1M timer Firmware\\StarDeltaTimer.hex",
          "FirmwareVersion": "V002",
          "Description": "Star Delta  Timer",
          "DeviceIdHexLocation": "0F37",
          "DeviceSupplyforCalList": "24,12,5,110,240",
          "DeviceSupplyforCal": "240",
          "SupplyType": "AC",
          "SupplyTypeList": "AC,DC",
          "IsFixedTiming": false,
          "FixedTiming": "0.0",
          "IsFixedRange": false,
          "MentionNumber": 0,
          "IsFixedMode": false,
          "MentionMode": 0,
          "HexEdition": true,
          "RunTime_TimingChange": false,
          "RunTime_RangeChange": false,
          "RunTime_ModeChange": false,
          "TimingChangeData": null,
          "RangeChangeData": "NA",
          "ModeChangeData": null,
          "HardwareCheck": false,
          "VCCRange": null,
          "VoltageCalibration": false,
          "VoltageRange": null,
          "RFPVersion": "2.05",
          "ControllerTypeList": "G10,G12,G13",
          "ControllerType": "G10",
          "RelayVoltageList": "12,,,,,,,,,,,,,,,,,",
          "RelayVoltage": "12",
          "PWMEnable": true,
          "RangeConstOnOffMode": false,
          "RelayNumber": 2,
          "RangePotRangeValidation": false,
          "TimingPotRangeValidation": true,
          "ModePotRangeValidation": false,
          "RwsFilePath": "\\\\nas\\Release to Production MOT'S HEX & Software\\Micon Timer Series_RL78 controller\\Renesas Programming utility\\G10\\G10.rws",
          "RpjFilePath": "\\\\nas\\Release to Production MOT'S HEX & Software\\Micon Timer Series_RL78 controller\\Renesas Programming utility\\G10\\G10\\G10.rpj",
          "ImgPath": "\\\\nas\\Release to Production MOT'S HEX & Software\\Micon Timer Series_RL78 controller\\Images\\11ODT4\\background.png",
          "IsStairCaseProduct": false,
          "NodeVoltagesRange": [
            "4.7-5.2",
            "5.24-6.4",
            "",
            ""
          ],
          "Micon175_PotDetail": [
            {
              "PotNumber": 1,
              "PotName": "Timing1",
              "NoOfPosition": 10,
              "DiffBetTwoPosition": "7,15,15,15,15,15,15,15,7",
              "MiddleMarkCal": false,
              "HexLocation": null,
              "PotType": "Smooth",
              "Range": "0-40,41-65,66-90,91-110,111-135,136-155,156-180,181-205,206-235,236-255",
              "RangeConstants": "20,40,60,80,100,120,140,160,180,200",
              "PotLables": "0.1,0.2,0.3,0.4,0.5,0.6,0.7,0.8,0.9,1",
              "CalibApplicable": false
            },
            {
              "PotNumber": 2,
              "PotName": "Range1",
              "NoOfPosition": 4,
              "DiffBetTwoPosition": "15,15,15",
              "MiddleMarkCal": false,
              "HexLocation": null,
              "PotType": "Smooth",
              "Range": "0-0,0-0,0-0,0-0",
              "RangeConstants": "30,60,90,120",
              "PotLables": "30,60,90,120",
              "CalibApplicable": false
            }
          ],
          "StairCaseDetail": null
        }
      ]
    },
    {
      "DeviceType": "240-415VAC",
      "CatIDList": [
        {
          "DeviceId": 21,
          "DeviceName": "14SDT1D",
          "MotFilePath": "\\\\nas\\Release to Production MOT'S HEX & Software\\Micon Timer Series_RL78 controller\\1M timer Firmware\\StarDeltaResistiveSupply.hex",
          "FirmwareVersion": "V02",
          "Description": "Star Delta Timer",
          "DeviceIdHexLocation": "0F37",
          "DeviceSupplyforCalList": "24,12,5,110,240",
          "DeviceSupplyforCal": "240",
          "SupplyType": "DC",
          "SupplyTypeList": "AC,DC",
          "IsFixedTiming": false,
          "FixedTiming": "0.0",
          "IsFixedRange": true,
          "MentionNumber": 30,
          "IsFixedMode": false,
          "MentionMode": 0,
          "HexEdition": true,
          "RunTime_TimingChange": false,
          "RunTime_RangeChange": false,
          "RunTime_ModeChange": false,
          "TimingChangeData": null,
          "RangeChangeData": "NA",
          "ModeChangeData": null,
          "HardwareCheck": false,
          "VCCRange": null,
          "VoltageCalibration": false,
          "VoltageRange": null,
          "RFPVersion": "2.05",
          "ControllerTypeList": "G10,G12,G13",
          "ControllerType": "G10",
          "RelayVoltageList": "24,,,,,,,,,,,,,,,,,,",
          "RelayVoltage": "24",
          "PWMEnable": true,
          "RangeConstOnOffMode": false,
          "RelayNumber": 1,
          "RangePotRangeValidation": false,
          "TimingPotRangeValidation": true,
          "ModePotRangeValidation": false,
          "RwsFilePath": "\\\\nas\\Release to Production MOT'S HEX & Software\\Micon Timer Series_RL78 controller\\Renesas Programming utility\\G10\\G10.rws",
          "RpjFilePath": "\\\\nas\\Release to Production MOT'S HEX & Software\\Micon Timer Series_RL78 controller\\Renesas Programming utility\\G10\\G10\\G10.rpj",
          "ImgPath": "\\\\nas\\Release to Production MOT'S HEX & Software\\Micon Timer Series_RL78 controller\\Images\\11ODT4\\background.png",
          "IsStairCaseProduct": false,
          "NodeVoltagesRange": [
            "4.7-5.2",
            "5.75-6.68",
            "",
            ""
          ],
          "Micon175_PotDetail": [
            {
              "PotNumber": 1,
              "PotName": "Timing1",
              "NoOfPosition": 10,
              "DiffBetTwoPosition": "7,15,15,15,15,15,15,15,7",
              "MiddleMarkCal": false,
              "HexLocation": null,
              "PotType": "Smooth",
              "Range": "0-40,41-65,66-90,91-110,111-135,136-155,156-180,181-205,206-235,236-255",
              "RangeConstants": "20,40,60,80,100,120,140,160,180,200",
              "PotLables": "3 s,6 s,9 s,12 s,15 s,18 s,21 s,24 s,27 s,30 s",
              "CalibApplicable": false
            }
          ],
          "StairCaseDetail": null
        },
        {
          "DeviceId": 21,
          "DeviceName": "14SDT2D",
          "MotFilePath": "\\\\nas\\Release to Production MOT'S HEX & Software\\Micon Timer Series_RL78 controller\\1M timer Firmware\\StarDeltaResistiveSupply.hex",
          "FirmwareVersion": "V002",
          "Description": "Star Delta Timer",
          "DeviceIdHexLocation": "0F37",
          "DeviceSupplyforCalList": "24,12,5,110,240",
          "DeviceSupplyforCal": "240",
          "SupplyType": "DC",
          "SupplyTypeList": "AC,DC",
          "IsFixedTiming": false,
          "FixedTiming": "0.0",
          "IsFixedRange": true,
          "MentionNumber": 120,
          "IsFixedMode": false,
          "MentionMode": 0,
          "HexEdition": true,
          "RunTime_TimingChange": false,
          "RunTime_RangeChange": false,
          "RunTime_ModeChange": false,
          "TimingChangeData": null,
          "RangeChangeData": "NA",
          "ModeChangeData": null,
          "HardwareCheck": false,
          "VCCRange": null,
          "VoltageCalibration": false,
          "VoltageRange": null,
          "RFPVersion": "2.05",
          "ControllerTypeList": "G10,G12,G13",
          "ControllerType": "G10",
          "RelayVoltageList": "24,,,,,,,,,,,,,,",
          "RelayVoltage": "24",
          "PWMEnable": true,
          "RangeConstOnOffMode": false,
          "RelayNumber": 1,
          "RangePotRangeValidation": false,
          "TimingPotRangeValidation": true,
          "ModePotRangeValidation": false,
          "RwsFilePath": "\\\\nas\\Release to Production MOT'S HEX & Software\\Micon Timer Series_RL78 controller\\Renesas Programming utility\\G10\\G10.rws",
          "RpjFilePath": "\\\\nas\\Release to Production MOT'S HEX & Software\\Micon Timer Series_RL78 controller\\Renesas Programming utility\\G10\\G10\\G10.rpj",
          "ImgPath": "\\\\nas\\Release to Production MOT'S HEX & Software\\Micon Timer Series_RL78 controller\\Images\\11ODT4\\background.png",
          "IsStairCaseProduct": false,
          "NodeVoltagesRange": [
            "4.7-5.2",
            "5.75-6.68",
            "",
            ""
          ],
          "Micon175_PotDetail": [
            {
              "PotNumber": 1,
              "PotName": "Timing1",
              "NoOfPosition": 10,
              "DiffBetTwoPosition": "7,15,15,15,15,15,15,15,7",
              "MiddleMarkCal": false,
              "HexLocation": null,
              "PotType": "Smooth",
              "Range": "0-40,41-65,66-90,91-110,111-135,136-155,156-180,181-205,206-235,236-255",
              "RangeConstants": "20,40,60,80,100,120,140,160,180,200",
              "PotLables": "12,24,36,48,60,72,84,96,108,120",
              "CalibApplicable": false
            }
          ],
          "StairCaseDetail": null
        }
      ]
    },
    {
      "DeviceType": "12VDC",
      "CatIDList": [
        {
          "DeviceId": 2,
          "DeviceName": "15ODT4",
          "MotFilePath": "\\\\nas\\Release to Production MOT'S HEX & Software\\Micon Timer Series_RL78 controller\\1M timer Firmware\\OnDelayTimer.hex",
          "FirmwareVersion": "V002",
          "Description": "On delay Timer",
          "DeviceIdHexLocation": "0F37",
          "DeviceSupplyforCalList": "24,12,5,110,240",
          "DeviceSupplyforCal": "12",
          "SupplyType": "DC",
          "SupplyTypeList": "AC,DC",
          "IsFixedTiming": false,
          "FixedTiming": "0.0",
          "IsFixedRange": false,
          "MentionNumber": 0,
          "IsFixedMode": false,
          "MentionMode": 0,
          "HexEdition": true,
          "RunTime_TimingChange": false,
          "RunTime_RangeChange": false,
          "RunTime_ModeChange": false,
          "TimingChangeData": null,
          "RangeChangeData": "NA",
          "ModeChangeData": null,
          "HardwareCheck": false,
          "VCCRange": null,
          "VoltageCalibration": false,
          "VoltageRange": null,
          "RFPVersion": "2.05",
          "ControllerTypeList": "G10,G12,G13",
          "ControllerType": "G10",
          "RelayVoltageList": "12,,,,,,,,,,,,,,,,,",
          "RelayVoltage": "6",
          "PWMEnable": true,
          "RangeConstOnOffMode": false,
          "RelayNumber": 1,
          "RangePotRangeValidation": true,
          "TimingPotRangeValidation": true,
          "ModePotRangeValidation": false,
          "RwsFilePath": "\\\\nas\\Release to Production MOT'S HEX & Software\\Micon Timer Series_RL78 controller\\Renesas Programming utility\\G10\\G10.rws",
          "RpjFilePath": "\\\\nas\\Release to Production MOT'S HEX & Software\\Micon Timer Series_RL78 controller\\Renesas Programming utility\\G10\\G10\\G10.rpj",
          "ImgPath": "\\\\nas\\Release to Production MOT'S HEX & Software\\Micon Timer Series_RL78 controller\\Images\\11ODT4\\background.png",
          "IsStairCaseProduct": false,
          "NodeVoltagesRange": [
            "4.7-5.2",
            "1.78-2.86",
            "",
            ""
          ],
          "Micon175_PotDetail": [
            {
              "PotNumber": 1,
              "PotName": "Timing1",
              "NoOfPosition": 10,
              "DiffBetTwoPosition": "7,15,15,15,15,15,15,15,7",
              "MiddleMarkCal": false,
              "HexLocation": null,
              "PotType": "Smooth",
              "Range": "0-40,41-65,66-90,91-110,111-135,136-155,156-180,181-205,206-235,236-255",
              "RangeConstants": "20,40,60,80,100,120,140,160,180,200",
              "PotLables": "0.1,0.2,0.3,0.4,0.5,0.6,0.7,0.8,0.9,1",
              "CalibApplicable": false
            },
            {
              "PotNumber": 2,
              "PotName": "Range1",
              "NoOfPosition": 6,
              "DiffBetTwoPosition": "30,30,30,30,30",
              "MiddleMarkCal": false,
              "HexLocation": null,
              "PotType": "Smooth",
              "Range": "0-30,41-80,91-120,131-160,171-210,231-255",
              "RangeConstants": "3,30,180,1800,10800,108000",
              "PotLables": "3 s,30 s,3 m,30 m,3 h,30 h",
              "CalibApplicable": true
            }
          ],
          "StairCaseDetail": null
        },
        {
          "DeviceId": 1,
          "DeviceName": "15BDT4",
          "MotFilePath": "\\\\nas\\Release to Production MOT'S HEX & Software\\Micon Timer Series_RL78 controller\\1M timer Firmware\\OneShotTimer.hex",
          "FirmwareVersion": "V002",
          "Description": "One shot Timer",
          "DeviceIdHexLocation": "0F37",
          "DeviceSupplyforCalList": "24,12,5,110,240",
          "DeviceSupplyforCal": "12",
          "SupplyType": "DC",
          "SupplyTypeList": "AC,DC",
          "IsFixedTiming": false,
          "FixedTiming": "0.0",
          "IsFixedRange": false,
          "MentionNumber": 0,
          "IsFixedMode": false,
          "MentionMode": 0,
          "HexEdition": true,
          "RunTime_TimingChange": false,
          "RunTime_RangeChange": false,
          "RunTime_ModeChange": false,
          "TimingChangeData": null,
          "RangeChangeData": "NA",
          "ModeChangeData": null,
          "HardwareCheck": false,
          "VCCRange": null,
          "VoltageCalibration": false,
          "VoltageRange": null,
          "RFPVersion": "2.05",
          "ControllerTypeList": "G10,G12,G13",
          "ControllerType": "G10",
          "RelayVoltageList": "12,,,,,,,,,,,,,",
          "RelayVoltage": "6",
          "PWMEnable": true,
          "RangeConstOnOffMode": false,
          "RelayNumber": 1,
          "RangePotRangeValidation": true,
          "TimingPotRangeValidation": true,
          "ModePotRangeValidation": false,
          "RwsFilePath": "\\\\nas\\Release to Production MOT'S HEX & Software\\Micon Timer Series_RL78 controller\\Renesas Programming utility\\G10\\G10.rws",
          "RpjFilePath": "\\\\nas\\Release to Production MOT'S HEX & Software\\Micon Timer Series_RL78 controller\\Renesas Programming utility\\G10\\G10\\G10.rpj",
          "ImgPath": "\\\\nas\\Release to Production MOT'S HEX & Software\\Micon Timer Series_RL78 controller\\Images\\11ODT4\\background.png",
          "IsStairCaseProduct": false,
          "NodeVoltagesRange": [
            "4.7-5.2",
            "1.78-2.86",
            "",
            ""
          ],
          "Micon175_PotDetail": [
            {
              "PotNumber": 1,
              "PotName": "Timing1",
              "NoOfPosition": 10,
              "DiffBetTwoPosition": "7,15,15,15,15,15,15,15,7",
              "MiddleMarkCal": false,
              "HexLocation": null,
              "PotType": "Smooth",
              "Range": "0-40,41-65,66-90,91-110,111-135,136-155,156-180,181-205,206-235,236-255",
              "RangeConstants": "20,40,60,80,100,120,140,160,180,200",
              "PotLables": "0.1,0.2,0.3,0.4,0.5,0.6,0.7,0.8,0.9,1",
              "CalibApplicable": false
            },
            {
              "PotNumber": 2,
              "PotName": "Range1",
              "NoOfPosition": 6,
              "DiffBetTwoPosition": "30,30,30,30,30",
              "MiddleMarkCal": false,
              "HexLocation": null,
              "PotType": "Smooth",
              "Range": "0-30,41-80,91-120,131-160,171-210,231-255",
              "RangeConstants": "3,30,180,1800,10800,108000",
              "PotLables": "3 s,30 s,3 m,30 m,3 h,30 h",
              "CalibApplicable": true
            }
          ],
          "StairCaseDetail": null
        },
        {
          "DeviceId": 30,
          "DeviceName": "15DDT4",
          "MotFilePath": "\\\\nas\\Release to Production MOT'S HEX & Software\\Micon Timer Series_RL78 controller\\1M timer Firmware\\SignalOffDelayTimer.hex",
          "FirmwareVersion": "V002",
          "Description": "Signal OFF delay Timer",
          "DeviceIdHexLocation": "0F37",
          "DeviceSupplyforCalList": "24,12,5,110,240",
          "DeviceSupplyforCal": "12",
          "SupplyType": "DC",
          "SupplyTypeList": "AC,DC",
          "IsFixedTiming": false,
          "FixedTiming": "0.0",
          "IsFixedRange": false,
          "MentionNumber": 0,
          "IsFixedMode": false,
          "MentionMode": 0,
          "HexEdition": true,
          "RunTime_TimingChange": false,
          "RunTime_RangeChange": false,
          "RunTime_ModeChange": false,
          "TimingChangeData": null,
          "RangeChangeData": "NA",
          "ModeChangeData": null,
          "HardwareCheck": false,
          "VCCRange": null,
          "VoltageCalibration": false,
          "VoltageRange": null,
          "RFPVersion": "2.05",
          "ControllerTypeList": "G10,G12,G13",
          "ControllerType": "G10",
          "RelayVoltageList": "6,,,,,,,,,,,,,,,,,",
          "RelayVoltage": "6",
          "PWMEnable": true,
          "RangeConstOnOffMode": false,
          "RelayNumber": 1,
          "RangePotRangeValidation": true,
          "TimingPotRangeValidation": true,
          "ModePotRangeValidation": false,
          "RwsFilePath": "\\\\nas\\Release to Production MOT'S HEX & Software\\Micon Timer Series_RL78 controller\\Renesas Programming utility\\G10\\G10.rws",
          "RpjFilePath": "\\\\nas\\Release to Production MOT'S HEX & Software\\Micon Timer Series_RL78 controller\\Renesas Programming utility\\G10\\G10\\G10.rpj",
          "ImgPath": "\\\\nas\\Release to Production MOT'S HEX & Software\\Micon Timer Series_RL78 controller\\Images\\11ODT4\\background.png",
          "IsStairCaseProduct": false,
          "NodeVoltagesRange": [
            "4.7-5.2",
            "1.78-2.86",
            "",
            ""
          ],
          "Micon175_PotDetail": [
            {
              "PotNumber": 1,
              "PotName": "Timing1",
              "NoOfPosition": 10,
              "DiffBetTwoPosition": "7,15,15,15,15,15,15,15,7",
              "MiddleMarkCal": false,
              "HexLocation": null,
              "PotType": "Smooth",
              "Range": "0-40,41-65,66-90,91-110,111-135,136-155,156-180,181-205,206-235,236-255",
              "RangeConstants": "20,40,60,80,100,120,140,160,180,200",
              "PotLables": "0.1,0.2,0.3,0.4,0.5,0.6,0.7,0.8,0.9,1",
              "CalibApplicable": false
            },
            {
              "PotNumber": 2,
              "PotName": "Range1",
              "NoOfPosition": 6,
              "DiffBetTwoPosition": "30,30,30,30,30",
              "MiddleMarkCal": false,
              "HexLocation": null,
              "PotType": "Smooth",
              "Range": "0-30,41-80,91-120,131-160,171-210,231-255",
              "RangeConstants": "3,30,180,1800,10800,108000",
              "PotLables": "3 s,30 s,3 m,30 m,3 h,30 h",
              "CalibApplicable": true
            }
          ],
          "StairCaseDetail": null
        }
      ]
    },
    {
      "DeviceType": "12-240VAC/DC",
      "CatIDList": [
        {
          "DeviceId": 40,
          "DeviceName": "1CMDT0",
          "MotFilePath": "\\\\nas\\Release to Production MOT'S HEX & Software\\Micon Timer Series_RL78 controller\\Multimode timer Firmware\\1CMDT0.hex",
          "FirmwareVersion": "V003",
          "Description": "Multifunction Timer",
          "DeviceIdHexLocation": "",
          "DeviceSupplyforCalList": "24,12,5,110,240",
          "DeviceSupplyforCal": "5",
          "SupplyType": "DC",
          "SupplyTypeList": "AC,DC",
          "IsFixedTiming": false,
          "FixedTiming": "0.0",
          "IsFixedRange": false,
          "MentionNumber": 0,
          "IsFixedMode": false,
          "MentionMode": 0,
          "HexEdition": false,
          "RunTime_TimingChange": false,
          "RunTime_RangeChange": false,
          "RunTime_ModeChange": false,
          "TimingChangeData": null,
          "RangeChangeData": "Reset",
          "ModeChangeData": null,
          "HardwareCheck": false,
          "VCCRange": null,
          "VoltageCalibration": false,
          "VoltageRange": null,
          "RFPVersion": "2.05",
          "ControllerTypeList": "G10,G12,G13",
          "ControllerType": "G12",
          "RelayVoltageList": "5,,,,,,,,,,,,,,,,,,,,,,,,",
          "RelayVoltage": "6",
          "PWMEnable": false,
          "RangeConstOnOffMode": false,
          "RelayNumber": 1,
          "RangePotRangeValidation": true,
          "TimingPotRangeValidation": true,
          "ModePotRangeValidation": true,
          "RwsFilePath": "\\\\nas\\Release to Production MOT'S HEX & Software\\Micon Timer Series_RL78 controller\\Renesas Programming utility\\G12\\G12.rws",
          "RpjFilePath": "\\\\nas\\Release to Production MOT'S HEX & Software\\Micon Timer Series_RL78 controller\\Renesas Programming utility\\G12\\G12\\G12.rpj",
          "ImgPath": "\\\\nas\\Release to Production MOT'S HEX & Software\\Micon Timer Series_RL78 controller\\Images\\11ODT4\\background.png",
          "IsStairCaseProduct": false,
          "NodeVoltagesRange": [
            "",
            "",
            "",
            ""
          ],
          "Micon175_PotDetail": [
            {
              "PotNumber": 1,
              "PotName": "Timing1",
              "NoOfPosition": 10,
              "DiffBetTwoPosition": "7,15,15,15,15,15,15,15,7",
              "MiddleMarkCal": false,
              "HexLocation": null,
              "PotType": "Smooth",
              "Range": "0-20,21-50,51-80,81-100,111-130,131-150 ,151-180,181-210,211-240,241-255",
              "RangeConstants": "20,40,60,80,100,120,140,160,180,200",
              "PotLables": "0.1,0.2,0.3,0.4,0.5,0.6,0.7,0.8,0.9,1",
              "CalibApplicable": false
            },
            {
              "PotNumber": 2,
              "PotName": "Range1",
              "NoOfPosition": 7,
              "DiffBetTwoPosition": "15,15,15,15,15,15",
              "MiddleMarkCal": false,
              "HexLocation": null,
              "PotType": "Detent",
              "Range": "0-12,32-54,74-97,117-139,159-182,202-224,244-255",
              "RangeConstants": "1,10,60,600,3600,36000,360000",
              "PotLables": "1 s,10 s,1 m,10 m,1 h,10 h,100h",
              "CalibApplicable": true
            },
            {
              "PotNumber": 3,
              "PotName": "Mode",
              "NoOfPosition": 10,
              "DiffBetTwoPosition": "7,15,15,15,15,15,15,15,7",
              "MiddleMarkCal": false,
              "HexLocation": null,
              "PotType": "Detent",
              "Range": "0-14,15-43,44-71,72-99,100-128,129-156,157-184,185-213,214-241,242-255",
              "RangeConstants": "0,0,0,0,0,0,0,0,0,0",
              "PotLables": "stn,cnf,cfn,sf,sfn,san,inf,iL,it,sbi",
              "CalibApplicable": false
            }
          ],
          "StairCaseDetail": null
        },
        {
          "DeviceId": 43,
          "DeviceName": "1CYDTE",
          "MotFilePath": "\\\\nas\\Release to Production MOT'S HEX & Software\\Micon Timer Series_RL78 controller\\Multimode timer Firmware\\1CYDTE.hex",
          "FirmwareVersion": "V003",
          "Description": "Multifunction Timer (Run time  Range and Time Change)",
          "DeviceIdHexLocation": "",
          "DeviceSupplyforCalList": "24,12,5,110,240",
          "DeviceSupplyforCal": "5",
          "SupplyType": "DC",
          "SupplyTypeList": "AC,DC",
          "IsFixedTiming": false,
          "FixedTiming": "0.0",
          "IsFixedRange": false,
          "MentionNumber": 0,
          "IsFixedMode": false,
          "MentionMode": 0,
          "HexEdition": false,
          "RunTime_TimingChange": true,
          "RunTime_RangeChange": true,
          "RunTime_ModeChange": false,
          "TimingChangeData": null,
          "RangeChangeData": "Adjust",
          "ModeChangeData": null,
          "HardwareCheck": false,
          "VCCRange": null,
          "VoltageCalibration": false,
          "VoltageRange": null,
          "RFPVersion": "2.05",
          "ControllerTypeList": "G10,G12,G13",
          "ControllerType": "G12",
          "RelayVoltageList": "5,,,,,,,,,,,,,,,",
          "RelayVoltage": "6",
          "PWMEnable": false,
          "RangeConstOnOffMode": false,
          "RelayNumber": 1,
          "RangePotRangeValidation": true,
          "TimingPotRangeValidation": true,
          "ModePotRangeValidation": true,
          "RwsFilePath": "\\\\nas\\Release to Production MOT'S HEX & Software\\Micon Timer Series_RL78 controller\\Renesas Programming utility\\G12\\G12.rws",
          "RpjFilePath": "\\\\nas\\Release to Production MOT'S HEX & Software\\Micon Timer Series_RL78 controller\\Renesas Programming utility\\G12\\G12\\G12.rpj",
          "ImgPath": "\\\\nas\\Release to Production MOT'S HEX & Software\\Micon Timer Series_RL78 controller\\Images\\11ODT4\\background.png",
          "IsStairCaseProduct": false,
          "NodeVoltagesRange": [
            "",
            "",
            "",
            ""
          ],
          "Micon175_PotDetail": [
            {
              "PotNumber": 1,
              "PotName": "Timing1",
              "NoOfPosition": 10,
              "DiffBetTwoPosition": "7,15,15,15,15,15,15,15,7",
              "MiddleMarkCal": false,
              "HexLocation": null,
              "PotType": "Smooth",
              "Range": "0-20,21-50,51-80,81-100,111-130,131-150,151-180,181-210,211-240,241-255",
              "RangeConstants": "20,40,60,80,100,120,140,160,180,200",
              "PotLables": "0.1,0.2,0.3,0.4,0.5,0.6,0.7,0.8,0.9,1",
              "CalibApplicable": false
            },
            {
              "PotNumber": 2,
              "PotName": "Range1",
              "NoOfPosition": 7,
              "DiffBetTwoPosition": "15,15,15,15,15,15",
              "MiddleMarkCal": false,
              "HexLocation": null,
              "PotType": "Detent",
              "Range": "0-12,32-54,74-97,117-139,159-182,202-224,244-255",
              "RangeConstants": "1,10,60,600,3600,36000,360000",
              "PotLables": "1 s,10 s,1 m,10 m,1 h,10 h,100 h",
              "CalibApplicable": true
            },
            {
              "PotNumber": 3,
              "PotName": "Mode",
              "NoOfPosition": 10,
              "DiffBetTwoPosition": "7,15,15,15,15,15,15,15,7",
              "MiddleMarkCal": false,
              "HexLocation": null,
              "PotType": "Detent",
              "Range": "0-14,15-43,44-71,72-99,100-128,129-156,157-184,185-213,214-241,242-255",
              "RangeConstants": "0,0,0,0,0,0,0,0,0,0",
              "PotLables": "a,b,c,d,e,f,g,h,i,j",
              "CalibApplicable": false
            }
          ],
          "StairCaseDetail": null
        },
        {
          "DeviceId": 51,
          "DeviceName": "1CVDT917",
          "MotFilePath": "\\\\nas\\Release to Production MOT'S HEX & Software\\Micon Timer Series_RL78 controller\\Multimode timer Firmware\\1CVDT917_ETI_Timer.hex",
          "FirmwareVersion": "V003",
          "Description": "Multifunction Timer For ETI 10 mode 10 range",
          "DeviceIdHexLocation": "",
          "DeviceSupplyforCalList": "24,12,5,110,240",
          "DeviceSupplyforCal": "5",
          "SupplyType": "DC",
          "SupplyTypeList": "AC,DC",
          "IsFixedTiming": false,
          "FixedTiming": "0.0",
          "IsFixedRange": false,
          "MentionNumber": 0,
          "IsFixedMode": false,
          "MentionMode": 0,
          "HexEdition": false,
          "RunTime_TimingChange": true,
          "RunTime_RangeChange": true,
          "RunTime_ModeChange": true,
          "TimingChangeData": null,
          "RangeChangeData": "Reset",
          "ModeChangeData": null,
          "HardwareCheck": false,
          "VCCRange": null,
          "VoltageCalibration": false,
          "VoltageRange": null,
          "RFPVersion": "2.05",
          "ControllerTypeList": "G10,G12,G13",
          "ControllerType": "G12",
          "RelayVoltageList": "6,,,,,,,,,,,,,,,",
          "RelayVoltage": "6",
          "PWMEnable": false,
          "RangeConstOnOffMode": true,
          "RelayNumber": 1,
          "RangePotRangeValidation": true,
          "TimingPotRangeValidation": true,
          "ModePotRangeValidation": true,
          "RwsFilePath": "\\\\nas\\Release to Production MOT'S HEX & Software\\Micon Timer Series_RL78 controller\\Renesas Programming utility\\G12\\G12.rws",
          "RpjFilePath": "\\\\nas\\Release to Production MOT'S HEX & Software\\Micon Timer Series_RL78 controller\\Renesas Programming utility\\G12\\G12\\G12.rpj",
          "ImgPath": "\\\\nas\\Release to Production MOT'S HEX & Software\\Micon Timer Series_RL78 controller\\Images\\11ODT4\\background.png",
          "IsStairCaseProduct": false,
          "NodeVoltagesRange": [
            "",
            "",
            "",
            ""
          ],
          "Micon175_PotDetail": [
            {
              "PotNumber": 1,
              "PotName": "Timing1",
              "NoOfPosition": 10,
              "DiffBetTwoPosition": "7,15,15,15,15,15,15,15,7",
              "MiddleMarkCal": false,
              "HexLocation": null,
              "PotType": "Smooth",
              "Range": "0-20,21-50,51-80,81-100,111-130,131-150,151-180,181-210,211-240,241-255",
              "RangeConstants": "20,40,60,80,100,120,140,160,180,200",
              "PotLables": "0.1,0.2,0.3,0.4,0.5,0.6,0.7,0.8,0.9,1",
              "CalibApplicable": false
            },
            {
              "PotNumber": 2,
              "PotName": "Range1",
              "NoOfPosition": 10,
              "DiffBetTwoPosition": "7,15,15,15,15,15,15,15,7",
              "MiddleMarkCal": false,
              "HexLocation": null,
              "PotType": "Detent",
              "Range": "0-14,15-43,44-71,72-99,100-128,129-156,157-184,185-213,214-241,242-255",
              "RangeConstants": "1,10,60,600,3600,36000,86400,864000,4294967041,4294967042",
              "PotLables": "1 s,10 s,1 m,10 m,1 h,10 h,1 d,10 d, ON,OFF",
              "CalibApplicable": true
            },
            {
              "PotNumber": 3,
              "PotName": "Mode",
              "NoOfPosition": 10,
              "DiffBetTwoPosition": "7,15,15,15,15,15,15,15,7",
              "MiddleMarkCal": false,
              "HexLocation": null,
              "PotType": "Detent",
              "Range": "0-14,15-43,44-71,72-99,100-128,129-156,157-184,185-213,214-241,242-255",
              "RangeConstants": "0,0,0,0,0,0,0,0,0,0",
              "PotLables": "a,b,c,d,e,f,g,h,i,j",
              "CalibApplicable": false
            }
          ],
          "StairCaseDetail": null
        },
        {
          "DeviceId": 60,
          "DeviceName": "1CJDT0",
          "MotFilePath": "\\\\nas\\Release to Production MOT'S HEX & Software\\Micon Timer Series_RL78 controller\\Multimode timer Firmware\\1CJDT0.hex",
          "FirmwareVersion": "V003",
          "Description": "Assymetrical Timer",
          "DeviceIdHexLocation": "",
          "DeviceSupplyforCalList": "24,12,5,110,240",
          "DeviceSupplyforCal": "5",
          "SupplyType": "DC",
          "SupplyTypeList": "AC,DC",
          "IsFixedTiming": false,
          "FixedTiming": "0.0",
          "IsFixedRange": false,
          "MentionNumber": 0,
          "IsFixedMode": false,
          "MentionMode": 0,
          "HexEdition": false,
          "RunTime_TimingChange": false,
          "RunTime_RangeChange": false,
          "RunTime_ModeChange": false,
          "TimingChangeData": null,
          "RangeChangeData": "Reset",
          "ModeChangeData": null,
          "HardwareCheck": false,
          "VCCRange": null,
          "VoltageCalibration": false,
          "VoltageRange": null,
          "RFPVersion": "2.05",
          "ControllerTypeList": "G10,G12,G13",
          "ControllerType": "G12",
          "RelayVoltageList": "5,,,,,,,,,,,,,,,,,,",
          "RelayVoltage": "6",
          "PWMEnable": false,
          "RangeConstOnOffMode": false,
          "RelayNumber": 1,
          "RangePotRangeValidation": true,
          "TimingPotRangeValidation": true,
          "ModePotRangeValidation": false,
          "RwsFilePath": "\\\\nas\\Release to Production MOT'S HEX & Software\\Micon Timer Series_RL78 controller\\Renesas Programming utility\\G12\\G12.rws",
          "RpjFilePath": "\\\\nas\\Release to Production MOT'S HEX & Software\\Micon Timer Series_RL78 controller\\Renesas Programming utility\\G12\\G12\\G12.rpj",
          "ImgPath": "\\\\nas\\Release to Production MOT'S HEX & Software\\Micon Timer Series_RL78 controller\\Images\\11ODT4\\background.png",
          "IsStairCaseProduct": false,
          "NodeVoltagesRange": [
            "",
            "",
            "",
            ""
          ],
          "Micon175_PotDetail": [
            {
              "PotNumber": 1,
              "PotName": "Timing1",
              "NoOfPosition": 10,
              "DiffBetTwoPosition": "7,15,15,15,15,15,15,15,7",
              "MiddleMarkCal": false,
              "HexLocation": null,
              "PotType": "Smooth",
              "Range": "0-20,21-50,51-80,81-100,111-130,131-150,151-180,181-210,211-240,241-255",
              "RangeConstants": "20,40,60,80,100,120,140,160,180,200",
              "PotLables": "0.1,0.2,0.3,0.4,0.5,0.6,0.7,0.8,0.9,1",
              "CalibApplicable": false
            },
            {
              "PotNumber": 2,
              "PotName": "Timing2",
              "NoOfPosition": 10,
              "DiffBetTwoPosition": "7,15,15,15,15,15,15,15,7",
              "MiddleMarkCal": false,
              "HexLocation": null,
              "PotType": "Smooth",
              "Range": "0-20,21-50,51-80,81-100,111-130,131-150,151-180,181-210,211-240,241-255",
              "RangeConstants": "20,40,60,80,100,120,140,160,180,200",
              "PotLables": "0.1,0.2,0.3,0.4,0.5,0.6,0.7,0.8,0.9,1",
              "CalibApplicable": false
            },
            {
              "PotNumber": 3,
              "PotName": "Range1",
              "NoOfPosition": 7,
              "DiffBetTwoPosition": "15,15,15,15,15,15",
              "MiddleMarkCal": false,
              "HexLocation": null,
              "PotType": "Detent",
              "Range": "0-12,32-54,74-97,117-139,159-182,202-224,244-255",
              "RangeConstants": "1,10,60,600,3600,36000,360000",
              "PotLables": "1 s,10 s,1 m,10 m,1 h,10 h,100 h",
              "CalibApplicable": true
            },
            {
              "PotNumber": 4,
              "PotName": "Range2",
              "NoOfPosition": 7,
              "DiffBetTwoPosition": "15,15,15,15,15,15",
              "MiddleMarkCal": false,
              "HexLocation": null,
              "PotType": "Detent",
              "Range": "0-12,32-54,74-97,117-139,159-182,202-224,244-255",
              "RangeConstants": "1,10,60,600,3600,36000,360000",
              "PotLables": "1 s,10 s,1 m,10 m,1 h,10 h ,100 h",
              "CalibApplicable": true
            }
          ],
          "StairCaseDetail": null
        },
        {
          "DeviceId": 41,
          "DeviceName": "1CMDTBR",
          "MotFilePath": "\\\\nas\\Release to Production MOT'S HEX & Software\\Micon Timer Series_RL78 controller\\Multimode timer Firmware\\1CYDTE.hex",
          "FirmwareVersion": "V003",
          "Description": "Signal Off delay Timer Railway Application 3.5 sec",
          "DeviceIdHexLocation": "",
          "DeviceSupplyforCalList": "24,12,5,110,240",
          "DeviceSupplyforCal": "5",
          "SupplyType": "DC",
          "SupplyTypeList": "AC,DC",
          "IsFixedTiming": true,
          "FixedTiming": "3.5",
          "IsFixedRange": false,
          "MentionNumber": 0,
          "IsFixedMode": true,
          "MentionMode": 3,
          "HexEdition": false,
          "RunTime_TimingChange": false,
          "RunTime_RangeChange": false,
          "RunTime_ModeChange": false,
          "TimingChangeData": null,
          "RangeChangeData": "NA",
          "ModeChangeData": null,
          "HardwareCheck": false,
          "VCCRange": null,
          "VoltageCalibration": false,
          "VoltageRange": null,
          "RFPVersion": "2.05",
          "ControllerTypeList": "G10,G12,G13",
          "ControllerType": "G12",
          "RelayVoltageList": "5,,,,,,,,,,,,,,,",
          "RelayVoltage": "6",
          "PWMEnable": false,
          "RangeConstOnOffMode": false,
          "RelayNumber": 1,
          "RangePotRangeValidation": false,
          "TimingPotRangeValidation": false,
          "ModePotRangeValidation": false,
          "RwsFilePath": "\\\\nas\\Release to Production MOT'S HEX & Software\\Micon Timer Series_RL78 controller\\Renesas Programming utility\\G12\\G12.rws",
          "RpjFilePath": "\\\\nas\\Release to Production MOT'S HEX & Software\\Micon Timer Series_RL78 controller\\Renesas Programming utility\\G12\\G12\\G12.rpj",
          "ImgPath": "\\\\nas\\Release to Production MOT'S HEX & Software\\Micon Timer Series_RL78 controller\\Images\\11ODT4\\background.png",
          "IsStairCaseProduct": false,
          "NodeVoltagesRange": [
            "",
            "",
            "",
            ""
          ],
          "Micon175_PotDetail": [],
          "StairCaseDetail": null
        },
        {
          "DeviceId": 44,
          "DeviceName": "1CMDTE",
          "MotFilePath": "\\\\nas\\Release to Production MOT'S HEX & Software\\Micon Timer Series_RL78 controller\\Multimode timer Firmware\\1CMDT0.hex",
          "FirmwareVersion": "V003",
          "Description": "Multifunction Timer",
          "DeviceIdHexLocation": "",
          "DeviceSupplyforCalList": "24,12,5,110,240",
          "DeviceSupplyforCal": "5",
          "SupplyType": "DC",
          "SupplyTypeList": "AC,DC",
          "IsFixedTiming": false,
          "FixedTiming": "0.0",
          "IsFixedRange": false,
          "MentionNumber": 0,
          "IsFixedMode": false,
          "MentionMode": 0,
          "HexEdition": false,
          "RunTime_TimingChange": true,
          "RunTime_RangeChange": true,
          "RunTime_ModeChange": false,
          "TimingChangeData": null,
          "RangeChangeData": "Adjust",
          "ModeChangeData": null,
          "HardwareCheck": false,
          "VCCRange": null,
          "VoltageCalibration": false,
          "VoltageRange": null,
          "RFPVersion": "",
          "ControllerTypeList": "G10,G12,G13",
          "ControllerType": "G12",
          "RelayVoltageList": "5,,,,,,,,,,,,,",
          "RelayVoltage": "6",
          "PWMEnable": false,
          "RangeConstOnOffMode": false,
          "RelayNumber": 1,
          "RangePotRangeValidation": true,
          "TimingPotRangeValidation": true,
          "ModePotRangeValidation": true,
          "RwsFilePath": "\\\\nas\\Release to Production MOT'S HEX & Software\\Micon Timer Series_RL78 controller\\Renesas Programming utility\\G12\\G12.rws",
          "RpjFilePath": "\\\\nas\\Release to Production MOT'S HEX & Software\\Micon Timer Series_RL78 controller\\Renesas Programming utility\\G12\\G12\\G12.rpj",
          "ImgPath": "\\\\nas\\Release to Production MOT'S HEX & Software\\Micon Timer Series_RL78 controller\\Images\\11ODT4\\background.png",
          "IsStairCaseProduct": false,
          "NodeVoltagesRange": [
            "",
            "",
            "",
            ""
          ],
          "Micon175_PotDetail": [
            {
              "PotNumber": 1,
              "PotName": "Timing1",
              "NoOfPosition": 10,
              "DiffBetTwoPosition": "7,15,15,15,15,15,15,15,7",
              "MiddleMarkCal": false,
              "HexLocation": null,
              "PotType": "Smooth",
              "Range": "0-20,21-50,51-80,81-100,111-130,131-150,151-180,181-210,211-240,241-255",
              "RangeConstants": "20,40,60,80,100,120,140,160,180,200",
              "PotLables": "0.1,0.2,0.3,0.4,0.5,0.6,0.7,0.8,0.9,1",
              "CalibApplicable": false
            },
            {
              "PotNumber": 2,
              "PotName": "Range1",
              "NoOfPosition": 7,
              "DiffBetTwoPosition": "15,15,15,15,15,15",
              "MiddleMarkCal": false,
              "HexLocation": null,
              "PotType": "Detent",
              "Range": "0-12,32-54,74-97,117-139,159-182,202-224,244-255",
              "RangeConstants": "1,10,60,600,3600,36000,360000",
              "PotLables": "1 s,10 s,1 m,10 m,1 h,10 h,100 h",
              "CalibApplicable": true
            },
            {
              "PotNumber": 3,
              "PotName": "Mode",
              "NoOfPosition": 10,
              "DiffBetTwoPosition": "7,15,15,15,15,15,15,15,7",
              "MiddleMarkCal": false,
              "HexLocation": null,
              "PotType": "Detent",
              "Range": "0-14,15-43,44-71,72-99,100-128,129-156,157-184,185-213,214-241,242-255",
              "RangeConstants": "0,0,0,0,0,0,0,0,0,0",
              "PotLables": "stn,cnf,cfn,sf,sfn,san,inf,iL,it,sbi",
              "CalibApplicable": false
            }
          ],
          "StairCaseDetail": null
        },
        {
          "DeviceId": 42,
          "DeviceName": "1CMDTF",
          "MotFilePath": "\\\\nas\\Release to Production MOT'S HEX & Software\\Micon Timer Series_RL78 controller\\Multimode timer Firmware\\1CMDT0.hex",
          "FirmwareVersion": "V003",
          "Description": "Multifunction Timer 2C/O Timer",
          "DeviceIdHexLocation": "",
          "DeviceSupplyforCalList": "24,12,5,110,240",
          "DeviceSupplyforCal": "5",
          "SupplyType": "DC",
          "SupplyTypeList": "AC,DC",
          "IsFixedTiming": false,
          "FixedTiming": "0.0",
          "IsFixedRange": false,
          "MentionNumber": 0,
          "IsFixedMode": false,
          "MentionMode": 0,
          "HexEdition": false,
          "RunTime_TimingChange": true,
          "RunTime_RangeChange": true,
          "RunTime_ModeChange": false,
          "TimingChangeData": null,
          "RangeChangeData": "Adjust",
          "ModeChangeData": null,
          "HardwareCheck": false,
          "VCCRange": null,
          "VoltageCalibration": false,
          "VoltageRange": null,
          "RFPVersion": "2.05",
          "ControllerTypeList": "G10,G12,G13",
          "ControllerType": "G12",
          "RelayVoltageList": "5,,,,,,,,,,,,,,,,,,,,,,,,,,,,",
          "RelayVoltage": "6",
          "PWMEnable": false,
          "RangeConstOnOffMode": false,
          "RelayNumber": 2,
          "RangePotRangeValidation": true,
          "TimingPotRangeValidation": true,
          "ModePotRangeValidation": true,
          "RwsFilePath": "\\\\nas\\Release to Production MOT'S HEX & Software\\Micon Timer Series_RL78 controller\\Renesas Programming utility\\G12\\G12.rws",
          "RpjFilePath": "\\\\nas\\Release to Production MOT'S HEX & Software\\Micon Timer Series_RL78 controller\\Renesas Programming utility\\G12\\G12\\G12.rpj",
          "ImgPath": "\\\\nas\\Release to Production MOT'S HEX & Software\\Micon Timer Series_RL78 controller\\Images\\11ODT4\\background.png",
          "IsStairCaseProduct": false,
          "NodeVoltagesRange": [
            "",
            "",
            "",
            ""
          ],
          "Micon175_PotDetail": [
            {
              "PotNumber": 1,
              "PotName": "Timing1",
              "NoOfPosition": 10,
              "DiffBetTwoPosition": "7,15,15,15,15,15,15,15,7",
              "MiddleMarkCal": false,
              "HexLocation": null,
              "PotType": "Smooth",
              "Range": "0-20,21-50,51-80,81-100,111-130,131-150,151-180,181-210,211-240,241-255",
              "RangeConstants": "20,40,60,80,100,120,140,160,180,200",
              "PotLables": "0.1,0.2,0.3,0.4,0.5,0.6,0.7,0.8,0.9,1",
              "CalibApplicable": false
            },
            {
              "PotNumber": 2,
              "PotName": "Range1",
              "NoOfPosition": 7,
              "DiffBetTwoPosition": "15,15,15,15,15,15",
              "MiddleMarkCal": false,
              "HexLocation": null,
              "PotType": "Detent",
              "Range": "0-12,32-54,74-97,117-139,159-182,202-224,244-255",
              "RangeConstants": "1,10,60,600,3600,36000,360000",
              "PotLables": "1 s,10 s,1 m,10 m,1 h,10 h,100 h",
              "CalibApplicable": true
            },
            {
              "PotNumber": 3,
              "PotName": "Mode",
              "NoOfPosition": 10,
              "DiffBetTwoPosition": "7,15,15,15,15,15,15,15,7",
              "MiddleMarkCal": false,
              "HexLocation": null,
              "PotType": "Detent",
              "Range": "0-14,15-43,44-71,72-99,100-128,129-156,157-184,185-213,214-241,242-255",
              "RangeConstants": "0,0,0,0,0,0,0,0,0,0",
              "PotLables": "stn,cnf,cfn,sf,sfn,san,inf,iL,it,sbi",
              "CalibApplicable": false
            }
          ],
          "StairCaseDetail": null
        },
        {
          "DeviceId": 45,
          "DeviceName": "1CMDTG",
          "MotFilePath": "\\\\nas\\Release to Production MOT'S HEX & Software\\Micon Timer Series_RL78 controller\\Multimode timer Firmware\\1CMDT0.hex",
          "FirmwareVersion": "V003",
          "Description": "Multifunction Timer",
          "DeviceIdHexLocation": "",
          "DeviceSupplyforCalList": "24,12,5,110,240",
          "DeviceSupplyforCal": "5",
          "SupplyType": "DC",
          "SupplyTypeList": "AC,DC",
          "IsFixedTiming": false,
          "FixedTiming": "0.0",
          "IsFixedRange": false,
          "MentionNumber": 0,
          "IsFixedMode": false,
          "MentionMode": 0,
          "HexEdition": false,
          "RunTime_TimingChange": false,
          "RunTime_RangeChange": false,
          "RunTime_ModeChange": false,
          "TimingChangeData": null,
          "RangeChangeData": "Adjust",
          "ModeChangeData": null,
          "HardwareCheck": false,
          "VCCRange": null,
          "VoltageCalibration": false,
          "VoltageRange": null,
          "RFPVersion": "",
          "ControllerTypeList": "G10,G12,G13",
          "ControllerType": "G12",
          "RelayVoltageList": "5,,,,,,,,,,,,,,,,,,,,,,,,,,,,,",
          "RelayVoltage": "6",
          "PWMEnable": false,
          "RangeConstOnOffMode": false,
          "RelayNumber": 1,
          "RangePotRangeValidation": true,
          "TimingPotRangeValidation": true,
          "ModePotRangeValidation": true,
          "RwsFilePath": "\\\\nas\\Release to Production MOT'S HEX & Software\\Micon Timer Series_RL78 controller\\Renesas Programming utility\\G12\\G12.rws",
          "RpjFilePath": "\\\\nas\\Release to Production MOT'S HEX & Software\\Micon Timer Series_RL78 controller\\Renesas Programming utility\\G12\\G12\\G12.rpj",
          "ImgPath": "\\\\nas\\Release to Production MOT'S HEX & Software\\Micon Timer Series_RL78 controller\\Images\\11ODT4\\background.png",
          "IsStairCaseProduct": false,
          "NodeVoltagesRange": [
            "",
            "",
            "",
            ""
          ],
          "Micon175_PotDetail": [
            {
              "PotNumber": 1,
              "PotName": "Timing1",
              "NoOfPosition": 10,
              "DiffBetTwoPosition": "7,15,15,15,15,15,15,15,7",
              "MiddleMarkCal": false,
              "HexLocation": null,
              "PotType": "Smooth",
              "Range": "0-20,21-50,51-80,81-100,111-130,131-150,151-180,181-210,211-240,241-255",
              "RangeConstants": "20,40,60,80,100,120,140,160,180,200",
              "PotLables": "0.1,0.2,0.3,0.4,0.5,0.6,0.7,0.8,0.9,1",
              "CalibApplicable": false
            },
            {
              "PotNumber": 2,
              "PotName": "Range1",
              "NoOfPosition": 7,
              "DiffBetTwoPosition": "15,15,15,15,15,15",
              "MiddleMarkCal": false,
              "HexLocation": null,
              "PotType": "Detent",
              "Range": "0-12,32-54,74-97,117-139,159-182,202-224,244-255",
              "RangeConstants": "1,10,60,600,3600,36000,360000",
              "PotLables": "1 s,10 s,1 m,10 m,1 h,10 h,100 h",
              "CalibApplicable": true
            },
            {
              "PotNumber": 3,
              "PotName": "Mode",
              "NoOfPosition": 10,
              "DiffBetTwoPosition": "7,15,15,15,15,15,15,15,7",
              "MiddleMarkCal": false,
              "HexLocation": null,
              "PotType": "Detent",
              "Range": "0-14,15-43,44-71,72-99,100-128,129-156,157-184,185-213,214-241,242-255",
              "RangeConstants": "0,0,0,0,0,0,0,0,0,0",
              "PotLables": "stn,cnf,cfn,sf,sfn,san,inf,iL,it,sbi",
              "CalibApplicable": false
            }
          ],
          "StairCaseDetail": null
        },
        {
          "DeviceId": 50,
          "DeviceName": "1CQDT9",
          "MotFilePath": "\\\\nas\\Release to Production MOT'S HEX & Software\\Micon Timer Series_RL78 controller\\Multimode timer Firmware\\1CMDT0.hex",
          "FirmwareVersion": "V003",
          "Description": "Multifunction Timer 2C/O Timer",
          "DeviceIdHexLocation": "",
          "DeviceSupplyforCalList": "24,12,5,110,240",
          "DeviceSupplyforCal": "5",
          "SupplyType": "DC",
          "SupplyTypeList": "AC,DC",
          "IsFixedTiming": false,
          "FixedTiming": "0.0",
          "IsFixedRange": false,
          "MentionNumber": 0,
          "IsFixedMode": false,
          "MentionMode": 0,
          "HexEdition": false,
          "RunTime_TimingChange": true,
          "RunTime_RangeChange": false,
          "RunTime_ModeChange": false,
          "TimingChangeData": null,
          "RangeChangeData": "Adjust",
          "ModeChangeData": null,
          "HardwareCheck": false,
          "VCCRange": null,
          "VoltageCalibration": false,
          "VoltageRange": null,
          "RFPVersion": "2.05",
          "ControllerTypeList": "G10,G12,G13",
          "ControllerType": "G12",
          "RelayVoltageList": "5,,,,,,,,,,,,,,,,,",
          "RelayVoltage": "6",
          "PWMEnable": false,
          "RangeConstOnOffMode": false,
          "RelayNumber": 1,
          "RangePotRangeValidation": true,
          "TimingPotRangeValidation": true,
          "ModePotRangeValidation": true,
          "RwsFilePath": "\\\\nas\\Release to Production MOT'S HEX & Software\\Micon Timer Series_RL78 controller\\Renesas Programming utility\\G12\\G12.rws",
          "RpjFilePath": "\\\\nas\\Release to Production MOT'S HEX & Software\\Micon Timer Series_RL78 controller\\Renesas Programming utility\\G12\\G12\\G12.rpj",
          "ImgPath": "\\\\nas\\Release to Production MOT'S HEX & Software\\Micon Timer Series_RL78 controller\\Images\\11ODT4\\background.png",
          "IsStairCaseProduct": false,
          "NodeVoltagesRange": [
            "",
            "",
            "",
            ""
          ],
          "Micon175_PotDetail": [
            {
              "PotNumber": 1,
              "PotName": "Timing1",
              "NoOfPosition": 10,
              "DiffBetTwoPosition": "7,15,15,15,15,15,15,15,7",
              "MiddleMarkCal": false,
              "HexLocation": null,
              "PotType": "Smooth",
              "Range": "0-20,21-50,51-80,81-100,111-130,131-150,151-180,181-210,211-240,241-255",
              "RangeConstants": "20,40,60,80,100,120,140,160,180,200",
              "PotLables": "0.1,0.2,0.3,0.4,0.5,0.6,0.7,0.8,0.9,1",
              "CalibApplicable": false
            },
            {
              "PotNumber": 2,
              "PotName": "Range1",
              "NoOfPosition": 7,
              "DiffBetTwoPosition": "15,15,15,15,15,15",
              "MiddleMarkCal": false,
              "HexLocation": null,
              "PotType": "Detent",
              "Range": "0-12,32-54,74-97,117-139,159-182,202-224,244-255",
              "RangeConstants": "1,10,60,600,3600,36000,360000",
              "PotLables": "1 s,10 s,1 m,10 m,1 h,10 h,100 h",
              "CalibApplicable": true
            },
            {
              "PotNumber": 3,
              "PotName": "Mode",
              "NoOfPosition": 10,
              "DiffBetTwoPosition": "7,15,15,15,15,15,15,15,7",
              "MiddleMarkCal": false,
              "HexLocation": null,
              "PotType": "Detent",
              "Range": "0-14,15-43,44-71,72-99,100-128,129-156,157-184,185-213,214-241,242-255",
              "RangeConstants": "0,0,0,0,0,0,0,0,0,0",
              "PotLables": "stn,cnf,cfn,sf,sfn,san,inf,iL,it,sbi",
              "CalibApplicable": false
            }
          ],
          "StairCaseDetail": null
        },
        {
          "DeviceId": 65,
          "DeviceName": "1CZDTF",
          "MotFilePath": "\\\\nas\\Release to Production MOT'S HEX & Software\\Micon Timer Series_RL78 controller\\Multimode timer Firmware\\CAT_FWD_REV.hex",
          "FirmwareVersion": "V003",
          "Description": "Forward reverse timer",
          "DeviceIdHexLocation": "",
          "DeviceSupplyforCalList": "24,12,5,110,240",
          "DeviceSupplyforCal": "5",
          "SupplyType": "DC",
          "SupplyTypeList": "AC,DC",
          "IsFixedTiming": false,
          "FixedTiming": "0.0",
          "IsFixedRange": false,
          "MentionNumber": 0,
          "IsFixedMode": false,
          "MentionMode": 0,
          "HexEdition": false,
          "RunTime_TimingChange": true,
          "RunTime_RangeChange": true,
          "RunTime_ModeChange": false,
          "TimingChangeData": null,
          "RangeChangeData": "Adjust",
          "ModeChangeData": null,
          "HardwareCheck": false,
          "VCCRange": null,
          "VoltageCalibration": false,
          "VoltageRange": null,
          "RFPVersion": "2.05",
          "ControllerTypeList": "G10,G12,G13",
          "ControllerType": "G12",
          "RelayVoltageList": "5,,,,,,,,,,,,,,,,,,,,,,,,,,,,,,",
          "RelayVoltage": "6",
          "PWMEnable": false,
          "RangeConstOnOffMode": false,
          "RelayNumber": 2,
          "RangePotRangeValidation": true,
          "TimingPotRangeValidation": true,
          "ModePotRangeValidation": false,
          "RwsFilePath": "\\\\nas\\Release to Production MOT'S HEX & Software\\Micon Timer Series_RL78 controller\\Renesas Programming utility\\G12\\G12.rws",
          "RpjFilePath": "\\\\nas\\Release to Production MOT'S HEX & Software\\Micon Timer Series_RL78 controller\\Renesas Programming utility\\G12\\G12\\G12.rpj",
          "ImgPath": "\\\\nas\\Release to Production MOT'S HEX & Software\\Micon Timer Series_RL78 controller\\Images\\11ODT4\\background.png",
          "IsStairCaseProduct": false,
          "NodeVoltagesRange": [
            "",
            "",
            "",
            ""
          ],
          "Micon175_PotDetail": [
            {
              "PotNumber": 1,
              "PotName": "Timing1",
              "NoOfPosition": 10,
              "DiffBetTwoPosition": "7,15,15,15,15,15,15,15,7",
              "MiddleMarkCal": false,
              "HexLocation": null,
              "PotType": "Smooth",
              "Range": "0-20,21-50,51-80,80-100,111-130,131-150,151-180,181-210,211-240,241-255",
              "RangeConstants": "20,40,60,80,100,120,140,160,180,200",
              "PotLables": "0.1,0.2,0.3,0.4,0.5,0.6,0.7,0.8,0.9,1",
              "CalibApplicable": false
            },
            {
              "PotNumber": 2,
              "PotName": "Timing2",
              "NoOfPosition": 10,
              "DiffBetTwoPosition": "7,15,15,15,15,15,15,15,7",
              "MiddleMarkCal": false,
              "HexLocation": null,
              "PotType": "Smooth",
              "Range": "0-20,21-50,51-80,81-100,111-130,131-150,151-180,181-210,211-240,241-255",
              "RangeConstants": "20,40,60,80,100,120,140,160,180,200",
              "PotLables": "0.1,0.2,0.3,0.4,0.5,0.6,0.7,0.8,0.9,1",
              "CalibApplicable": false
            },
            {
              "PotNumber": 3,
              "PotName": "Range1",
              "NoOfPosition": 7,
              "DiffBetTwoPosition": "15,15,15,15,15,15",
              "MiddleMarkCal": false,
              "HexLocation": null,
              "PotType": "Detent",
              "Range": "0-12,32-54,74-97,117-139,159-182,202-224,244-255",
              "RangeConstants": "60,120,240,480,900,1800,3600",
              "PotLables": "1,2,4,8,15,30,60",
              "CalibApplicable": true
            },
            {
              "PotNumber": 4,
              "PotName": "Range2",
              "NoOfPosition": 7,
              "DiffBetTwoPosition": "15,15,15,15,15,15",
              "MiddleMarkCal": false,
              "HexLocation": null,
              "PotType": "Detent",
              "Range": "0-12,32-54,74-97,117-139,159-182,202-224,244-255",
              "RangeConstants": "1,10,20,40,80,100,200",
              "PotLables": "1,10,20,40,80,100,200",
              "CalibApplicable": true
            }
          ],
          "StairCaseDetail": null
        }
      ]
    }
  ]
}